0,1,2,3,4
0.784002779310748,-0.0059547092127293835,0.2094700836477726,-0.18826133508630657,-0.9845340504819681
0.6986888135170435,-0.5898923177556078,-1.8418977729578574,0.02521086754008211,0.8920675997317206
-0.8392096673390064,-0.3649527295428853,0.538296079049633,-1.0448091940210336,1.0725073373098022
1.2557561255735208,-0.4787486216634771,-0.30917212346863937,-0.8946073022195039,0.22213377163371276
1.0587285298838789,-1.6685992588781953,0.012499321907250335,-0.17280173739646437,2.8684030556667683
0.5906548306923093,-0.35929209078705954,1.8467073257360336,1.1087035805829077,0.5839281853259639
1.643378155804534,-0.3202978045366419,0.02845758118315888,0.36064789143579495,-2.077811819856197
-0.846793718068405,-0.07282891265687277,0.7140004940920919,-1.5148472246858646,0.47323762457354485
1.053802052034903,1.083051243175277,0.3577873603482833,-1.377669367957091,0.5607845263682344
0.24395319790850026,0.1733416643704082,0.16476084123651674,-0.22320225463480511,0.05088770185601806
-1.121243740094392,-1.9955317804517385,0.4935602043342916,0.9294099847908157,0.2908970575900059
0.2871241652018242,0.9531366339132451,0.7082144232565574,-0.6124373746404379,0.23321613126350177
0.152354872033722,-0.5240883979345925,-0.6947131310890582,-0.8224199323822006,-0.409282438113104
1.1818910929599615,0.4875602970867186,1.1717179147161598,0.4809080927488954,-1.1761733365547806
-0.5830774385689385,0.8604734883597454,0.3074066978091007,-0.1671217137864115,0.8157372125392965
1.631856899089109,0.20232879642280202,-1.2693304965466992,-0.7330329955239894,1.7025146581296056
2.0923872756854602,-0.8182206832334725,0.09699596499271819,-1.006017381499702,0.5951570254369136
0.9592708260852069,1.4511436077950417,0.024510174258942696,2.1531824575115563,0.4979982912454495
0.597400069849858,-1.2276078151369925,0.9640871682883576,0.7011727423108983,1.1894704889246406
1.100959634998571,-0.2860042218801108,-0.9193845915864234,1.9583474542205939,-2.5302875227463297
0.3485951198609804,-0.8792827824119881,0.48730523704499484,-0.12517442838316423,1.0719298652117972
0.6802302084176292,0.551885971822154,-1.3569355696995753,-1.936752702502465,0.223153054747697
-0.6946003691631446,-0.45909031021899177,-0.6065033882157399,-1.1543626682329844,0.4559041951707029
1.0495527153193351,0.6351718016819695,0.3934853854217497,-0.535235211560568,0.8951932200277323
-0.19692180799688963,0.7319555025098458,-1.5978721344948377,-0.4645810781156185,-0.6300249795338944
-0.6122367345077503,-0.33130838318332273,0.570612997219531,-1.085150526557798,0.9681846605328611
0.9458696436841456,1.2554036094598964,1.369701107654185,-0.9005903525360619,-1.0860545821180863
0.6103702654334648,0.7472936051232618,-0.8289950109220725,-0.020901593964148132,-0.5601810401969697
0.5268979236657937,0.9513062442994834,-0.0827150238964932,-0.1908722195531798,0.24309172766069878
-1.611567359102828,-0.3464265060068996,1.855503314794263,-0.26265952031616774,0.22423474453529177
-2.0903028988531567,-0.6506598273683838,-0.30561061415380336,-0.1702582467959055,0.7309589763762162
-0.4482246163001495,1.252842634427484,-0.5859276733177553,-0.6922503292658964,0.32910677871012955
0.4441983272906719,1.3845320475939062,1.063940987560856,1.1013229577357622,0.2525688459966235
0.9552692372072055,-0.4841184945848177,-0.1286594463520559,-0.038742894989543024,1.4069347458917507
2.056543564829542,0.606850593215671,0.4826878872092127,-1.1308884353259159,0.4200944904518413
1.0299608175811612,-0.6435498323174619,0.48473281729447476,-0.33477533210654087,-0.8463566549908735
-0.5041798310076715,0.31965182591897723,1.192507512477975,-0.08152267310164589,-1.7785875840065168
0.3090474430326539,-0.12334406404611045,-0.3187483152461331,-0.6556877194614437,-1.029811848541845
0.16048962397348007,-2.0864776583710847,0.36414029605466136,2.2125310393972426,0.007178466907941942
1.9234457948249533,-0.5482002981667726,-2.0820987031889877,-0.7746149700185819,0.5531491563792091
0.026091050210833786,-0.6248185776956788,-1.8408742313316453,0.517659020469123,-1.2795769667357015
0.33126343140356396,-0.3092123758512146,0.9312801191161986,0.9755451271223592,-0.8392175232226385
-0.09884520123930605,0.19548173155329082,0.4914294527201996,0.4359753895000459,0.5697603571986468
0.6952029000839993,1.3705361439967134,-1.0501407396021456,0.2837510236615011,0.7574951493374855
0.6276062975618311,-0.8744356483399182,-0.24775241823970925,-0.2795074632965335,1.3204140097838342
0.513907849658915,-0.6777449705248515,1.9389289990582848,0.17958178193959795,-1.0003313246055747
0.6234071382799156,0.04556388114189831,-0.24861585376667725,0.7034401331388942,0.6266136372630706
-1.5537587660160643,-1.0718572330401555,-0.07576428653545988,0.8178896580250286,0.6704806172412126
1.88768765734019,-0.4136055334216442,-1.907807557877391,0.556553124533758,-0.8603850107795019
0.42934082280173436,0.7105491022977853,1.00163182520856,0.3796396483859655,1.3934545275244314
1.0560568090660518,3.1377485336599946,1.3744380931708173,0.22323891412915967,-2.135674213978696
-0.6115178029919482,-0.7553829323533225,-0.7257438131534656,-1.4066610968482223,0.18676676447707832
-1.3717431292635054,0.9788895585567791,-0.6143231440962944,1.6087808557343735,-0.7097889922335351
-0.3431922754974105,0.26912694124510733,0.30805053950410216,0.6215718898560508,-0.3916485674217908
0.2502002062516945,-0.3839712719523516,1.0519476177229186,1.9956674897839644,-0.9980606273144129
2.165002344901084,0.45588777208160763,1.328194141849058,-0.643518230380143,0.5562300094006599
0.7760279138434754,-1.317131919946585,-0.9457460606967811,-1.0022170189267248,0.6082461916849685
-1.0773760769847582,0.8794170411374032,0.3308513046155777,1.3764964500195378,1.4510014381313359
0.09767609854883172,0.01259240078179486,-0.40122047188583626,-0.7730097838554665,0.22409248181041677
-1.443604262169765,-0.9500634974661273,0.66536893503283,-0.4829098394605177,-0.7961368031864955
0.9191541736100015,-1.19363683175648,-0.6462273098438029,1.0005823180429783,1.7753108926095116
-0.09662367001488972,0.15805348992013185,-1.7518288067517191,-0.4159669279473586,-0.3899237065594453
-0.27999330187447974,0.4281862478105761,0.9134737320174066,-1.2790307362197864,0.5376299029498797
0.501782736167545,0.1600182258527877,-0.15589817793666752,1.1173988159024606,-0.5482872964906009
-1.356581804623405,0.2935579321666293,0.7942646796218271,0.46642998243352635,-1.2542894231692494
-0.4500128579958137,-1.1300693390403578,0.7505791675217656,1.2571492168625729,-0.41619440488525394
-2.296180953137238,-1.4438548161335418,0.0005279588565972929,-0.5505368494915835,0.6012067489291151
1.5232386217122578,1.6672241115511366,1.1834936668899279,0.7356219972457467,-1.1780408673763807
-0.10960980392583083,-0.4363858905265686,0.5462842480036996,-0.08836295920533539,0.0064222698109378164
-0.21220896990115218,0.07203686128374492,1.516394055253573,-0.9519184600222356,0.6021183203924836
1.1395555360254692,0.0798014840587331,-0.2243189708781048,-0.38736196455281124,0.8595848723435562
-1.3631740045928105,2.0243096232868525,-1.5981243518837476,0.18970616761039566,0.46217266608194285
0.4581681147886987,-2.128734094414812,-0.16563141031763223,-0.9797212247168068,0.0785770297191498
0.8135096360006385,0.8254163489880298,-0.21768120322722037,1.305478807154329,1.0987768519871903
0.6135179727304166,0.1200313267182613,0.4363236696740321,-1.0227925651984056,0.03800347816820029
-0.42924442029866183,-0.2666523292344148,1.5334337012963255,0.5885532697707198,-1.423957152450145
-0.14994071907910939,-0.4629395120252583,0.8282296901846228,-1.4331518145247122,1.090861670603698
0.2010990467149675,-0.05761879703358539,0.3649610024662251,1.050654396007612,2.403415585238275
0.49097495163825133,1.6073455760199926,0.28257995048829965,0.7348777860498175,-0.24869112618354708
0.9553005582377531,-0.8892408282283245,0.8691545924968965,0.8760467925297942,-0.4555395260238707
-0.6237689606958051,-1.0534155631736561,-1.0399059271255309,1.9140313538667861,0.6127739050625697
1.8314587658543537,-1.3202332070206422,-0.898414671348358,1.179440120721287,0.4919191715065057
-1.8363597837703973,-0.26864575330974255,0.012828643543685113,-0.4327738835883887,0.4798270353668327
-0.5293321124483711,-0.09338685889994834,0.31745326125017487,-1.514470309180767,-0.33286040438251097
0.33366210528694845,0.47897982574639203,0.07156623721939247,1.0375399442578994,-0.4776574467651167
-0.06418817710849775,-0.19469729611668168,-0.7188323876087304,0.09175248444837286,0.7450053128772811
-1.911640550651757,1.6786746733725662,0.6336610247740587,1.3111674978026244,-0.6981996746110497
0.16805980596682024,0.3216785413765001,-0.7146806769904318,-0.9951484818533795,0.5212799050138145
-0.2084682105404079,-1.4840566649243352,0.508608373233442,1.2066081548639151,-0.4303093199546424
-0.413465161123276,-1.3260476860820385,1.448499229892926,0.26028050658288615,-0.3597686457890858
-0.11453984525261789,1.3538723741654133,-0.4691756521047048,1.2378163119734618,-1.713134529090878
-1.77623523289832,0.14338846734225108,0.26125053123385605,0.40865281148067084,-0.36927713924620315
0.9503075919735757,-1.067802921579193,-1.616310608436588,1.7106133725819253,-1.0536824191463543
0.5689830791852754,-0.5535882417079946,1.6391168054440675,1.628396623128538,1.6777008140764407
0.28872366282502326,0.7324921027798023,0.26402008133367,-1.6548874362282961,1.2723535001067678
0.41299891213779755,-1.58358838978758,-0.9587784561867747,-0.21406769772786138,-1.3525086894407221
0.3436182895684614,1.0571222262189157,-0.7198442083947086,-1.763040155362734,-0.4606387709597875
0.3123782104665717,0.3733485597113982,-0.3600392687569827,1.1927351654164147,-0.7280770978553212
-0.3748220566218061,-2.9069882193216414,0.8419836954521269,-1.0385438208439723,-0.36920720044744615
0.499685110302934,0.23940450053537707,1.4872461553359273,0.4720022709192745,-0.580053241370043
-0.6724855960063362,0.032407013340136216,2.0979393391324312,0.22327083592026087,-0.5256309339853844
-1.5839028234857233,-2.4238793266289567,-1.889540730945531,0.7604146561442974,-0.4523063192490767
1.1401490385212665,0.49822174849678513,-1.111457956937032,1.5805406865683735,0.24650477843200488
0.49774308909139425,0.23007075919140207,-0.3206676255571917,0.6659242520544614,1.7952113559123222
0.37114587337130883,-0.2030453860429927,-0.7968952554704768,-0.6039851867158206,0.57707212718054
-0.48536354782910346,-0.23681860674000887,0.7589692204932672,0.08187413938632256,-0.7728252145375718
-0.5069431753711298,0.24496657110872277,-0.8222203955664315,-0.4710383056183228,0.2436872114919123
-0.7001208149391732,0.132969674146876,1.073631749859772,1.1950466289248425,-1.0265152994110602
-0.6654222981294604,1.2809395766667275,0.29497145570882155,0.7219034854381412,-1.4972576451786446
0.4523717962497342,-0.0796413912457152,0.02421945667275807,-1.0623935281468797,1.4122205554154292
1.311693449272661,1.6350663945275195,-0.21596052035023222,-1.092141593428733,0.9374774925069249
-0.5844552918504382,0.8089192693927194,-0.5964114079688799,-0.7493576894227776,-0.2991817724274346
0.34834173924612705,0.3440539215634665,-0.912810919296513,-0.8978300664256297,-0.4174303819894322
-2.198805956620082,-1.448013900416244,-0.5551995266931983,0.4400144500533324,1.88115706944059
-1.1306153349375263,-0.7582820688875902,-0.4516594761596227,0.6227112239002686,0.19502498402812674
0.594754341665286,0.5639091200523596,2.439752406339273,0.8534155587803077,1.3842728185105182
-0.10434279298689202,2.814654444472553,-0.4151002889633696,0.39330705000532395,0.7007006121205837
1.0487071264165635,-0.7557915001583629,0.25147360894051224,1.6554071130882952,-0.1942691319785193
-0.32789471651291785,-0.009300321138626349,1.1210306673244714,0.15519068385897913,0.0002070649181973595
-1.3386057997232488,1.4532606633210345,0.7215625051261435,0.6929186230316111,-0.230866373844769
-0.8000385643976464,-0.20298063739565708,-0.6256772874962124,-0.0635245746153551,-1.3192471945987674
-0.9483480042242007,0.5972282182533848,-1.1755946056248516,0.46320629209912306,-0.8950698422766047
-0.35802937974698634,0.49120766541199645,-0.4835614838465371,-0.13939720066323416,-0.6121669171548207
0.756788679986982,-1.5355721232071058,0.3161559571827783,0.6124687940136023,0.46926758980852623
-0.8022772692216189,-0.3427145165267695,-1.4153707420504142,-0.16128571166600914,-0.42064532276535904
0.22526411724754958,0.01840163078343813,0.32159321133923857,0.6927227551168597,1.7549330716472415
-1.4789115687741285,0.3918040054025465,-2.59104229214491,0.1833599197791556,-0.5462444482524828
1.0062928092144405,-0.38455554422982535,0.047398671316414016,-0.5768918695231487,-0.8604133652839524
-0.7597031174802871,-0.782003492511037,1.0018248536819372,-1.7710685530880912,-0.49757083838520716
-0.07783719701280203,0.883109777147159,-0.2918112689155441,-0.18047991359062565,-1.563190808696657
0.08669769941439659,0.34756161380355205,-0.39719531614598763,0.3556689485632294,-1.1022697404558555
0.6354180302092264,-2.0038623644067535,-0.19382613877280352,-1.2392583948534726,-0.26451484131061076
1.2788658133133932,0.22228985580085406,0.18517553682991406,-0.952316380738797,0.42544486418417227
0.6955377575657775,-0.387099702474401,0.6687416555925126,0.849102110743144,-1.0917008761393143
-1.0909664302151982,1.1267051368275833,-1.6624919880356743,-0.4108142879545848,1.0325462043416573
-1.2968319479558466,0.18102155870370695,0.6628812686674127,0.3996879517526416,1.173473857485325
0.8811467208133691,-0.5779207768327106,-1.5947559581633328,0.0013256887344072295,0.42069963101847885
1.2065089665083568,0.14671368643332283,0.6487098875896427,-0.8169356709872361,-0.16711808031685435
-0.35316629281068834,0.19438430157733602,0.5796331732135757,0.33848384346169114,0.32579631658216646
0.8929538701087693,0.8936976893891109,1.3305749040390402,1.8296202017160872,-1.1967886464263116
-1.0916251721591026,0.20953423026279433,1.0753434019568977,0.23384802578959837,0.2106684652031108
-2.0858978777333372,-1.0084487325473497,1.5287478505409084,-1.4720370730267915,-0.08104596472174376
1.1126883749899252,-1.5223591862178911,-1.0293715081820716,-0.6292633936927887,-1.3526702858435344
1.410459145203504,0.08382662792936095,0.704506539824723,0.4097627959594974,0.7890566873755188
1.1628385775349859,0.8431053323232401,1.188596823087008,-0.5800163326536847,1.849362141386381
0.8949243769444413,-0.7184072655691974,-1.243863235391285,-0.2949496782920278,-0.6929051977959073
-0.8561698406617501,1.6653519176235307,-0.15774698323148525,0.03556607403299353,-0.6416668201303822
0.15449366559525113,1.1279089932535693,1.0059245117964166,-0.3365525898781734,-1.1274960989530387
-1.3510743662080213,1.2446795807367868,-0.8254105299789551,-1.3224579567435701,2.9490944253087252
1.490726136849952,-0.213442870930208,1.5307508323436974,0.14866745720211172,1.2187618516973167
0.010233061019587049,1.1631637521549596,1.4412732890661155,-0.9815086510479509,-1.4358621511794394
1.187386051564751,0.985729995679863,0.4283070972076486,2.5895636420186134,-0.18714426500454878
-0.28744751940035557,1.7246966497611085,3.9262377064363267,0.2873289044030093,-2.0841129394985884
-1.0565576427602528,-0.5289777080640152,-0.8245141615276735,1.223083067095325,-0.6085897232397004
0.5044832563830169,-0.6108576398050658,-1.5708814571259122,-1.5630343065712535,1.355572935710348
0.41960997202411815,-0.09445871444200275,-1.8179792253871547,-0.8638829605897661,0.7597122954841684
0.7034279167873088,-0.9741218462163683,-0.42359858172817705,-1.307369782230964,-1.3656174041901492
1.2816437950037687,-0.31771509675623405,-0.6163614080394775,0.5576910607251245,-0.375196380323937
0.9356783931474612,1.7522704434236227,-0.7778166875908753,1.2715550949941588,-1.1105758454658288
1.6994359830087096,0.9005330773315916,1.0363028920724797,-0.40179502694163366,-0.5955349351838592
-0.33078922432755736,-1.1036698285303692,0.9784221120280351,-0.7801991291174627,0.5221425459339358
-0.30317978283427505,-0.019419605887732585,-0.22346598237185214,0.7999419019420501,-0.3493167961181975
1.2292147842970504,0.1786947168104756,-1.1195461283831687,0.6030946849488336,-0.39352985596972884
-1.1302037246739238,0.09337237427665124,-0.9600462952794637,2.411676675578421,-0.12270893359572414
0.7090037575885123,0.19652116970147013,0.6427227598675439,-0.08973569428722672,1.3291525301324314
0.04693490206036963,-1.9782252493748103,-1.372859451481064,1.897767016745977,0.35147990035220167
0.44381942814622843,-0.7076694656187807,-0.48423407286625136,0.7746340534293368,1.2669111491866227
-0.1599385299634271,0.8576596232020194,0.3109075655980046,-0.01901620790268883,1.475356216949552
-0.3035643252659147,0.026204752774035625,1.0071572005966691,-0.0809173376626882,0.5179947763914519
-0.9355962987624259,-0.589112132781127,-1.1869933883057449,-0.17791787580439816,1.0578141808207961
1.3508523306990055,-0.758765257935375,0.09297924652940966,-0.6536791406374189,-0.4684961133603157
1.6871416350725648,-1.0815480036143952,-1.4222537095976742,0.8816397569494505,-0.6465728842425267
-1.3659557112005343,0.6835693232004776,1.0599363840466218,1.2119439853864005,0.6170059495766975
1.0581183250871502,0.6386601686431024,0.6032475005713938,0.3676198402097109,0.29815846599052565
-0.9627325652846123,0.1704637709965709,0.4468725008026977,-0.20661127969604665,-0.34254920085776497
1.7958776730955217,1.5475052013300616,0.2029230208512997,-0.612788690484386,-1.515744114997232
-0.08912003951278841,-2.0674421000398766,0.3840654489393073,-1.3044695005048532,-0.03269474809409311
0.2965769385303051,1.149672018878747,-0.4949654803680733,1.2676515111879738,-0.4975724983092141
-0.9175028210142636,-1.1225448062444139,0.8187776437548606,1.0176614668435024,1.5379319184125528
0.8201581867554845,-1.1430193120737286,1.0294574815983573,-0.06468860503251772,0.8723153800284503
0.2579759812211809,-1.548960525053475,0.1961314590239074,1.1038773433162576,-0.9040682897360006
-2.0173387981224113,-1.2203206899439758,-2.914255989816941,-2.832325924984141,0.5232231857370332
0.7835896647986067,-1.8518427315746586,2.169936588080543,-0.6786430612941035,-1.423682636883923
1.1945922205137307,-2.1899217049785533,0.23278674294016363,0.9583858198420424,-0.7567639770159263
-0.82688035403986,-0.877982586756561,-0.10015407647995278,-0.22647889190152676,-0.20367375017696587
-1.4026052717996935,-0.6629009175509484,0.04059169120388238,1.7495767431869393,-0.7019916878067556
0.4572804046152411,0.08199555641356042,0.6683404887180808,1.4558223221467665,-0.7341737987784958
0.2034636358672231,-1.6064463202575725,-0.12791759148076653,-0.7563507452843033,-0.9555404406004258
0.5581395145185063,0.04351466864346608,0.41486550036191056,-2.529560077694303,0.4632885301181064
-0.12402138738999703,-0.5694497744921104,-0.8220760118279274,-1.0642200068173489,-1.2192844665221938
-0.02230028371805306,-0.2215132629521239,0.9567031863856585,-0.6888855425754058,0.5169465157483709
0.5432980290363882,0.12229750303228384,0.12522450264790727,0.04886007032570433,-0.429405541125253
0.29964768783734813,-1.6158867874104728,0.20475888240178416,0.9324348709546673,0.7658782794806148
0.23924686411114954,-1.0727430257398065,-1.9792998103757877,2.0740826697499735,0.7479102561175338
1.5541604207147741,0.34233783448962146,-0.5309708978119645,0.8539759765522237,-0.33513778117145177
-0.6498268854974364,-0.47741070619280046,-0.21713107494620248,0.08416823018569615,0.5265366836723071
-0.1131280525157404,0.12307820165618115,-0.032280611049470324,-1.2992163634458243,0.6405429350747734
0.06785551052740331,1.2810163617351127,1.0800480657146485,0.8527736751222197,-0.4473218956587511
0.8384907744516419,-0.006070911539893324,0.3885786045309641,0.08182935854756501,2.4929995174327906
0.4929864585144592,2.196223142152799,-1.5431182279428701,-0.05751775300546313,0.16429476537056906
0.015618333949603047,-1.405567019178642,-0.7847619081277034,0.9022771737866472,-0.370508098590029
-1.1962066240806708,-1.1063349740060282,-0.47917423784528995,0.812525822394198,-0.18565897666381712
0.5470973811700377,-0.5915713888358299,0.117327383308782,-0.20219265243389398,1.277664895788425
-0.525755021680761,-2.123895724309807,-0.8397218421807761,-0.759132661553698,-0.5993926454440222
1.1428228145150205,-1.168678037619532,0.30154734233361247,0.7519330326867741,-0.03471176970524331
-0.9680457585102453,0.37976763604089603,-0.3975577654917214,-0.31030770538490365,1.2376537575119981
-0.7079109406740752,-1.3954485047550718,0.5070202721353568,-0.2627467476865041,-0.05739536507403601
-0.5388418561927383,0.26044226333355597,-0.6967718184295749,-1.008554684076208,0.5820265670847269
-0.3856726309778482,-1.3346106069102326,1.040061819902576,0.43450264609130573,-0.7397711639729673
-0.9661567233704171,0.8728243510056347,1.3931812579349059,-0.07938842440570287,0.8393491142316022
1.4816634024625988,-1.0589075870566005,1.9541574337502863,1.9625871905307948,-0.5057467042619367
1.0800560591393102,-0.9642000714232447,-1.357517539841935,0.9427885141400756,-0.9006713825124801
0.4865016438262019,-0.07049877805909122,0.056649924897107164,0.06447441481012024,0.5296927543567308
-1.0710536796490489,1.235782191822154,0.4367385517335093,0.6802161054504494,0.4042947549616974
0.9638791167949097,-0.14700200162848862,-0.12982069973342616,2.2105230015913513,0.0438114719791096
1.1906462747863413,0.43693816974634986,0.1605739810498646,0.9495541354413237,0.0030460201534144695
0.4734074157124664,-1.0461210850625042,-1.1889634195349619,0.29094736433948537,-0.0498801541281177
-0.535316712567659,0.4961991873633163,-0.3270173176097708,0.5114995753618613,-0.21345677935043805
-0.6771617115121117,0.07580455819372633,-0.012246772846914623,0.9751197334177512,-0.8972543714858315
-0.5923559556520536,0.885231482988991,-2.100026507651624,0.12354769595558233,0.6255080168310357
1.1254347844147694,-0.8696630812746944,0.3764095260975166,-1.1894118928673278,-0.9020515543575104
-1.8707919210258557,-1.008086310917404,-0.4080753730215514,-0.35151348404130867,-2.038124535177854
0.08228398927542419,0.889630795623437,-1.485560373036972,1.0654803750653512,0.26705026586925884
0.5150476863060478,0.5137859509122088,-0.9378250399151228,3.8527314906547208,0.5150352672086598
-0.6028206557839616,-0.099094300241269,0.8467707752164937,0.4322629506341556,-2.1272274203514954
-1.8316822472060261,2.067906338163552,-1.1738799644089726,-1.0513099116393445,-0.19793772898468187
-0.20035257779416388,1.356583385827982,0.24312345851289308,0.23184209213484805,-0.29424250563645765
-0.6277339060845056,-0.2116669819311769,1.503419828428999,-0.2880388739220764,-0.3301200939664503
-1.2391070756539009,1.5490201514951873,-0.573601772896901,-1.46752526575244,0.1018562952619867
0.25972250172148187,0.048084946661381994,-1.804882100664519,-0.9043166251044086,-1.6275424378831627
-0.2646568332379561,1.4535340771573169,0.8271832490360238,2.720169166589619,0.01300189187790702
0.04852162794482699,-0.863990769679816,-0.4871253837646962,-0.8309501164110378,-0.5923939242388692
0.9753124584779789,-0.5014021468856367,-0.7524352373530351,0.5156280884439565,-1.466785190615677
-0.8756182533847574,-0.1903386780836082,0.5389100436846587,-1.3827997309643363,-1.0372461543264564
0.8901984111247868,-0.9242331442683044,-0.7584953347000695,1.0352493347237526,-0.23040071420576733
1.1954806508254787,0.2766007655111806,0.3074035697196884,-0.5966290586117302,-0.8246122504347609
0.2809918677350327,0.5883172064845762,-1.9520877995225019,-0.6226995198205939,-0.15178509503558324
0.33417641724489744,-1.2417605754816243,0.07748051851886253,-0.15525904882474875,0.2577525401427507
-0.8449414385934964,1.0094717885959688,-1.4152671919241875,-1.4990159604584012,0.21853404241094568
-0.23093453020867796,-0.05429486651781221,-0.2727235697476702,0.6962063648134184,-2.6968866429415717
0.8303358165442456,-0.8498443694647918,0.24822058630033608,-0.8560838259088672,-0.4593608995402441
1.813407698515423,0.30698107268623775,0.49150564724678397,-0.3428788615575641,-0.009288561567815747
-0.44004448669698376,-1.4301413779606327,-1.2477831819648495,0.13074057728609134,1.6324113039316352
0.861636124497944,0.07814306296964744,-0.5639474880582432,0.13906039865341766,-0.8162172445419648
-1.2767485758203097,0.2715788371953735,0.42961821913258585,-1.0810565404082624,0.20768768716311115
0.1847104747810833,-1.2549226680022925,0.18947982122108065,0.937915537510655,1.0074439731951985
0.18455130319703697,-0.5642475986573886,-0.5518581458924467,1.5421099525678756,2.5581992856682523
0.05119790188108534,0.04522270899998256,1.1806409124521444,-0.5017841928115321,-0.6273134459513027
-0.35084943007647457,-1.9495617177543672,0.6089053562546319,-2.2183477600510813,0.2620668090867255
0.224216404290793,-0.5865312695639355,0.6102161695892225,0.714609790636618,0.15697296096843422
-1.1071568168024517,1.2960630617813962,-0.524662407066803,-0.36550593698526584,0.4936548476431509
-0.8682609615983323,-1.0861262991814098,-0.28509425704201397,0.09781329309330739,0.1386451837100845
0.9725544496267297,0.6324077390555208,0.7077519354554754,0.6218099622171964,-0.5624667758942676
-0.1344967844017327,-0.039307287627631186,-1.0166831285764972,0.33385996656853467,-0.2440804736742013
-0.5138669173366935,-0.9398797863273552,0.6696725488300385,-1.0592135218889516,0.36659824609684827
-0.6078219870944325,-2.1218548990085946,1.3171150673398653,1.2969945465611092,-0.11806852699107874
-0.4263575962055433,-0.7517910500951843,3.193107567844861,1.1484457091967548,0.29875290836568624
0.1946074552372427,-0.622649361734452,0.043602446372453724,-0.7424705856980482,1.695051040430753
-1.4785862457798415,0.7708651938869668,-2.211135309007885,1.143754043206929,0.23561455810856594
0.5345056484805503,-0.18319661872038787,3.109918556005361,0.8876554258738361,0.6067230591361827
0.20965941527462578,1.2389463529394373,0.18384954475369486,-0.49163618563204736,1.8005111815108537
0.9153902755601617,-0.8330560570007587,-1.776246333466452,-0.5495402745955349,-0.08059974929676088
-1.189232465077129,0.29724427338012405,-0.6328802748847919,1.0539857711828762,0.18932830729237413
0.5629692366905709,-1.3985675738191412,0.9261775475316414,-0.6506425691218272,1.9094166404701305
0.6863535550145331,0.4892545350763279,-0.253676077542381,-0.8388926740257363,-0.3451647054497966
1.4273053642892164,0.6523303381766798,-1.5958939685741136,-0.4194347526585506,-0.7390286580232329
2.1898029332176723,0.18334200573835174,-0.7673475628880495,-0.8082982853551515,0.8723206367206782
1.0269862633197322,0.2125740306322149,2.1650560678066024,1.105900424357309,1.190548594343596
-0.6414815952229522,0.5161782871149584,0.513085420097293,0.43192254467394064,0.7250957868479971
0.42548993324023027,-0.336254738681072,-2.049941278577478,1.197246923645228,1.1590740649558977
0.6454841811410754,0.7462535660272207,0.04643654815614881,2.16325472330546,-1.3598561409799192
0.4753656106920102,-0.8523867660741036,0.993782214530439,0.6324542166423008,1.3739143852114495
-0.23401985910698123,-1.2575778589146163,-1.0150941918278686,0.4663583744463342,-0.8108575112103382
-0.9594392367234795,-0.22648409884983187,1.221033695525353,-0.3722067760710529,0.5820977034686158
0.12320480678448571,-0.1758858124323366,-0.8432465953161914,0.5514853760404677,2.1709427174978138
0.329508735573009,-0.5698329282387585,-0.04551224530124217,-1.5171736966716791,-0.4242363333980435
-1.0325239035275395,0.9413105807674834,1.0715431522348857,0.39792704994680894,0.19063559126502438
-0.10594835430413566,-0.46531045678005334,-1.2295495944524168,2.6443433470170348,0.4966992232365217
0.5740712208940013,1.5898389781806839,0.9137716213855857,1.3995946451457935,-1.5457297866907331
-0.37144086599579146,-0.34268759408034877,1.246085192497629,-1.4075116947178212,-2.0733902324081495
0.2625613290019253,0.8743891807127272,-0.8192578597214978,0.19358991136754458,-0.47622087354465886
0.319781934142537,-0.6013676439512138,0.1053755061459599,-1.5929937335316693,-1.3340254949182044
-1.2110161997624564,-0.06607979864731657,0.6385924587773739,-0.6518361078021592,-1.6615200622689599
1.1223742187031596,1.534482101794515,1.0965471182302537,-0.4597646158304763,-2.191253851165281
0.24380071377119883,0.7083564472993533,-0.5020542243526112,-0.5640786307367284,-1.0212328171307132
0.7094518171390395,0.1904996797790666,-0.09053328230416077,-0.43548637056984335,0.3319803305690149
0.5667717261841796,-0.11480224875906367,-2.0993562644190256,-0.6573725539947244,0.683223014788808
0.9003985883950636,0.8301918118626102,-0.6769951384585313,0.4512253193185082,-0.772659445270824
-0.9846547848472624,0.12626773623406817,-1.5271678565896476,-0.7925234471152126,-1.055089368176695
1.2718924219386565,1.0703651602299298,-0.2430611988808665,-0.11081256027908741,0.0022879361435040493
-1.2905614219462187,0.23855495377373903,-0.5012341077902127,-0.14325891536419263,-0.4485428365278611
-0.718444221252436,-1.4074637743765552,0.2320499373576363,-0.21344715171184725,-1.4480843414973241
0.543479378670093,-0.8463159774657358,0.10575379127148042,0.1998104337187135,1.2637066776546686
2.5115565515844236,0.3467099776049199,-0.531454551359215,-1.8400777445057528,-1.5678594253654559
0.5533889830744267,-0.8451539584261589,-1.194522939766035,-0.033925225927908885,0.28580328679473294
-1.366878698415421,0.9343199112392737,-1.4848979684499035,-0.22476540189268354,-2.553921134901955
1.029413100955326,-0.25276325509618536,0.249548189598077,0.796701927070742,-1.183056184734389
-1.0921636327180897,-0.5892716517893062,0.4751677464953816,0.8347513263248821,-0.002403840918853844
0.1353383478922909,-1.0921212003485672,-1.7422216926352752,0.9944473755089074,-0.5460417988167212
-0.13216935564437185,-0.5898947564628909,-1.031955242094435,0.07227896538428889,0.5954908976392573
0.02538842054241018,-0.04541121793223822,0.8595878869798019,-1.9196731561976563,-0.3871306497895146
0.7793490039053323,1.2496189052966666,-0.9878733409007492,-0.03901951937754412,-0.8468509661253646
0.22749587573205374,1.6095206657759729,-0.47417817510396487,0.635967750711738,-0.7717719573928751
1.5091310134045506,0.18568858041873892,0.20323595458603103,0.605606232631313,-0.45763324933761523
-1.1939250063990554,-1.1267674689098053,0.44771692581027733,0.14294309476370676,-1.5708761520684993
-0.37231905293792283,-1.8831502080585838,-1.8800100339077637,0.4373131870389607,0.7127120288613313
1.7654542402810969,-0.6533292325737119,-0.3345012358409484,0.40498171096095553,-0.4749453111609562
-1.6135613978767411,-1.3719011429313563,-0.17294605992342302,1.4711703274936085,1.7117084801423437
0.9694572005267368,-0.8661748482145006,-1.0276751409259581,0.42719436187168486,1.2657078408647005
-0.553649305347182,-1.035242322419374,-0.7928728322623442,-1.1978778925888485,-0.10703035995455783
-0.4166253056154625,-0.7160434362758403,0.35947579754712566,-0.06312301311124825,2.3490757867007575
1.1096998419562232,0.6347214685617699,0.3506300992735592,0.40981865692851255,0.4891871301476635
1.5985381120963411,-0.2598001407675125,-0.3182375277426204,0.8021284586181192,-0.7811563781311142
-0.8206823183517105,1.158595579007404,-0.9746816702273214,0.9633761292443218,0.787084603742452
0.058022734808395225,-0.04282338131157488,1.2374381346841392,0.8484308822052846,-0.45730165508679
-2.169677417725702,1.0768481446576803,1.6773770878054892,-1.1941894010922893,-0.8051717517428763
2.463242112485286,0.06023020994102644,-1.9187712152990415,-0.19236096478112252,-0.026513875449216878
0.31852100479887446,-0.950910729687232,0.7499002394237102,-0.9916966634403105,0.2792678382165259
-0.4561208274741882,-1.2961166642498945,-0.3519213178165091,0.18142662011397137,-0.7699960661974573
0.0953441994413082,-1.5648027713620551,-1.962625691672579,-0.2634482160822491,0.3496500472996937
-0.6516003476058169,0.04557183990381377,-0.7303666317171367,2.1439440893253257,0.21645858958197486
-1.5625458568865427,0.5159392177040995,-0.2813275571182134,-0.5290526773462948,0.06699071722487192
0.5859042011646491,-1.4068150094975382,-0.3220281544920584,-0.736770135947622,1.3254321090950785
0.5500520990245519,-0.2246331499970246,0.9407711879882159,-0.9683444548636353,-0.9824873935383096
-0.1449045790814313,-1.5375847964491753,0.5720062783004729,-0.44594371386116016,-0.7047284356108838
0.5578103063518622,1.3902075490173134,-0.025026958745143917,0.010352619843380607,0.8177662992002871
0.6789312900592783,1.5905820726178506,1.628468554772322,-0.13699548944245826,-0.2843846496065094
0.7109599682034917,-0.37482080754959723,0.7129984301723881,0.4442633114860399,-0.24032539815813486
1.6744924333475373,0.4577728661518858,0.4395012306202264,-0.005596018829046555,0.7789365035121141
-0.21910052880886424,0.32692737376416264,0.0184183791895517,0.8294055811834892,1.6764373122752827
-1.1033666061738736,0.5079913269125437,-1.331232953557778,-2.152890592952483,-1.8362053731032966
-0.5976676832548571,-1.8210860692944963,-1.040193719815898,0.37021188994174087,1.945195074276933
-0.04865235157045115,0.34378788154988543,-0.9637589262106109,0.03279699541158651,-0.9571509148950429
-2.839078659485427,-1.1511537365528692,0.8622235118869771,-0.8093808210827541,-1.4162270557926455
1.1243533598705027,-0.062191016999311004,0.514254756017835,-0.3340772309799405,0.5720574417141441
1.153590343316926,-2.1056469418403245,-1.2845842656999693,1.3863493972628438,0.9778155496862003
0.2544208433012131,1.1677820616598074,0.08658978747289992,0.3376026620752022,-0.15567723539207948
-0.6469367777055739,0.05963036992017413,1.3993554365860021,0.69822331361359,0.9246336829127688
-0.2188662517356257,-0.3033500674771342,-0.6375875420759638,0.7662429750405095,0.21668311896428621
0.20726732939894396,-1.0039573720814983,-1.44964521969853,0.06934433703625043,-0.921859813125313
0.37405656984757213,-1.9937356425714554,0.33088023221445706,1.2276689924732922,0.8335289616089246
0.7153813154412441,1.114321694668872,0.54711911517521,0.7181857257079345,-1.1808128153088449
0.8764556455029355,-2.1523835446091804,-0.8617030702562581,-1.5614932224418594,0.03003147916408217
-1.060605066396601,0.05225849049748321,-0.09139955750911515,-0.7170161491279362,-0.08087849786546193
-1.2376624223272978,0.4822489526806572,0.0759552679160874,0.8691560643892732,0.7426824183597222
-0.5176925728692147,0.696167997159289,-0.5791241096357468,-0.08809124402907328,-0.48083378951197936
-0.6315777291653314,0.8953554307625996,0.6295295842218108,0.2531652380379812,-0.8043157596599924
0.09933230542922587,-0.977555244798551,0.755391225825756,0.751387123371789,0.5009171876243808
-0.21113023882769438,-0.7191533192424201,-0.8911922254152874,-0.9871795271511837,-2.151815401329305
0.4956818879726045,0.8700677306887539,-0.19068240076334658,0.15041890514357628,0.21743287317972287
-1.2390527025266425,-0.10343122429028392,1.4974316831796264,2.095843501809159,1.8577023435377324
-0.18689615816198485,-2.9911359709007233,-1.1476913898156673,-1.6304732437151401,0.08520944963390106
-0.6500025808234597,-0.22485598180807856,-0.13125696709230472,0.16865467196672768,0.07685188295876821
-2.4263920705352087,1.2840957939481175,0.3957988487097468,-2.3869298701956727,0.2635508119547848
1.1785126897984228,-0.005560293648070566,-2.391956204313024,-1.373402888969749,0.8447743757816999
0.13653533108273744,2.013387247526623,0.4599721429391164,-0.3653215513121087,-0.6777153697521061
-0.37058276240078286,-0.15936223214590656,-0.12205713212127726,-1.3480471119401671,-0.45784838618248924
0.9495945713644882,0.548319627554499,-0.09184476433495513,-0.059415181272494094,-0.08743532877718112
0.31917451041918043,-0.7521564055905832,-1.4575514994649306,1.3404504460231446,-0.30920907704986345
0.45060341286253885,0.5723903111756757,0.3614173172731029,-1.869816339532164,-1.2931415437586478
0.5027844268951942,-0.14896930976729691,-1.342127748485115,1.7963608229269636,-1.365824155415439
0.4147728907887909,0.00161903135694112,0.518871180440122,1.6043391083085963,0.49580502102757085
1.592669998282884,-0.4884760801103597,-3.1704257358780557,0.01934407081175429,0.21060083929764178
-1.167779551267935,1.4769344261182744,0.29562448874709507,0.2167755637626291,-1.5166425494207911
-0.5305011476105275,0.7575077100473051,-0.2209695995332226,-0.57581824064468,0.6141667000434252
0.8135172173696698,-0.3220615162056756,1.5499344050175399,-1.2308643164339552,-0.7832532923362371
2.218780233448134,1.6259589153620633,-0.29983819627488056,-0.1590452104000513,1.904136589573007
-0.05310680169691065,0.7638603516334226,1.144293068559939,-0.5509818035382495,-1.387868550455802
0.7600559636896026,-1.5047203740310022,-1.4063174636718339,0.08243975293450329,-0.08310557262869477
0.1458364702153839,-1.4326712897396527,-0.40436199269002276,0.5852994365163381,-0.6862791357550845
-0.2739930818293042,1.5628887685081978,-1.703871586826719,-0.24338397937501807,-0.9244659881295544
1.4532754760425446,-0.34730228895784293,-1.1794596645077804,-0.07823065905851781,1.4350873992222355
-1.0147567306928669,-0.5816809139486437,-0.3791277409874871,-0.6492775450660071,-0.20358036010236177
-0.7239903317426091,0.5913492417584003,-0.15129922023252232,-0.19539035117702397,-1.3957892021924851
-0.45209033283308037,0.8823330623234091,-1.2504077339697175,-0.4700421477595015,0.6045153263553668
-0.7837656655863965,-0.234407800316322,0.26348721533105957,-0.6905410523162594,0.2942241290134937
1.9114190871397234,-1.0708524186844388,-0.41790954576589057,-1.2804555710024668,-2.025807873111377
0.3278211728430852,0.003375506597160999,0.5346290861224353,0.9242701395378297,-2.6357477390168778
1.1890165311075518,-0.6373871273065177,-0.6231405264247644,1.4205042479898549,-0.5554771191602547
-1.3230897934074985,-0.6389617476895023,-0.9913923494563072,1.642015160136369,-2.153390113603715
-0.3079615296390403,-0.7924199209999613,-0.6751782749743815,-1.8936146669537857,-0.14451867071551783
0.3958197810959234,-0.1790932850161564,0.03402741107223205,0.6928557558178116,0.11137260184005242
1.1356201471829441,-0.23655528721894603,1.7473631979155582,-1.1062935124116342,0.9321915642603847
1.5886269280435956,0.14098269961205998,0.1455211977682408,0.6954024745502987,-0.6141225650083162
-1.5327005598899308,0.24300472205439969,1.1918993344135727,-0.1962806513879368,0.9500158286696456
0.5779785236395572,0.6662696720435232,-0.9928660010855455,0.5773635251066616,-1.4452052644122255
-1.024186824329205,0.6308116845547775,-0.12174750838328353,1.8540925663341883,1.513449743242131
-1.2094769354188053,-0.30085974714082625,-1.1617838439123638,0.388978729352184,-0.28313889674376713
0.14304876987895235,-0.16212397547985843,0.5362909095171899,0.8496119885162131,-2.1961278210999464
0.36163602504763415,1.0035328978920242,1.356240028570823,-0.6451197546051243,-0.07201012158033385
0.7175422557959621,-0.26940683444455765,-1.183258512665775,1.502357052096028,-2.0392321777601006
-1.0952705188428047,1.202451247983072,0.7826298263165181,-3.1767038131960006,-0.024232833869692143
0.3241663524884421,-0.31026675659345604,0.02100384163275905,-0.13014305436768459,0.6819529712949639
-1.4084612963635597,-0.7043436905427592,-0.5227230205190395,-1.5566291735239037,1.0490092258368893
0.0341524174880246,-0.6757080791616118,0.34767648353833636,-1.0872459388628024,-0.4872285641135523
-0.6057149230033384,2.1573082132655035,0.6779258713392691,0.742095372009307,-0.48791140814570266
0.09965136508764122,-0.5662977296027719,2.1904556258099785,-0.5034756541161992,-0.9905363251306883
0.1895816165987434,0.501094169939845,0.23836898273478513,1.0010460925671412,0.9751976297824295
-0.11066536855732945,-0.7121738641760437,0.47004418736820225,-0.8966422273152082,-0.7076258948220262
1.4415686206579004,0.5298041779152828,0.8356921120651418,-2.4716445001272893,-1.129706854657618
1.3286408282482312,0.10940847183297006,-1.6312758154609455,0.31318447386498,-1.2374266382225725
1.2753907379990148,0.2647753109779796,-0.8505352787470439,-0.15171443357722914,2.4851899166788916
0.19655477651157463,1.4469778843537329,-0.18687164416135904,1.0318445394686349,-0.4397310582741749
1.0305805856240573,0.5107920885275947,-0.9077561801469204,-0.6578345538521371,1.5192839236417688
-0.6526239793023911,0.8406435489887243,0.12810441491078928,-0.4461834332147797,-0.6810516574748808
-0.22247489677826537,0.12617790366196718,-2.5322460852196853,2.046862195719558,0.6820694900626313
0.23286808742689824,-1.2445425000847228,3.0768603701805035,-0.6080061429373236,1.360115900180313
1.0857863249393471,0.4676931717654332,-1.5029703283951532,0.09798315347089544,0.25373966149457344
0.2606737658239071,0.4940301862827388,-0.6255627015095294,-0.5503051538454201,0.39580353343740904
-1.0577109289559,-0.013497224737933914,-0.6017066122293969,0.822544912103189,1.8522781845089378
-0.5849076534177698,-0.8463597198869729,0.2783486346446696,-0.4787585715216887,-0.5092133625991345
0.020793707675407887,2.0574954697116987,-1.0097307047099375,-0.7280029412291342,0.6191542610051978
-1.1388331177807691,0.6222071440434019,0.32674476460232005,1.0391117874202687,0.30047435961082836
-0.09605989972464987,2.5600845382687947,-0.5756378262377739,1.1492733262856758,0.12200981464536144
0.4129314542756245,-0.32138584165299344,-0.14705738150213865,-0.5637245528039749,-0.8254971967925115
1.23000057271915,-1.0263692076658921,0.7060789138151315,-0.964705425750715,-0.24268127681203333
-0.6813802350695739,0.43221669075925395,-1.014479726707414,0.9678260240252041,-1.340072071123935
-1.3971181851129912,-1.28716356858425,-0.09363618873917087,-0.5835993263460049,1.3257966475421905
-1.1165244399486591,-1.7073579575929467,1.5337277099164992,1.2358116200069387,-0.5358014630522978
-0.44643361455052827,0.1866091231563581,0.27902152577033923,0.19408999289830758,0.6078965097165392
0.7441857103150346,-0.23596998721097162,0.5964411375817527,0.42154608353656126,-0.6342858476894031
0.8584511166566653,0.651136241823657,-0.4081008391602206,-0.2346205699574138,-0.9958153947902291
0.19473619471877485,0.655900776529761,0.5935567222808619,-0.018708756445897416,-2.9403886346642802
0.09284490114111471,-0.5487249077409615,-0.12853751143893075,0.15985639199740037,-1.881849045497639
-0.4432822511915103,-0.933267959073196,-0.15852957302697002,-0.8848027140269009,-0.02730453950993186
0.7211353625455816,0.8814075289235711,-0.21566763754763232,-0.9162741005637249,-0.8729610904537004
0.07268052432934134,1.3183023248526693,0.7396531517246714,-0.4114931445621802,-1.9093560875072928
0.2952799406208684,2.0420696529278803,0.6460061871145515,-0.7764991404930003,-2.3716593608588923
-0.46227528870504275,0.09612077694098344,0.9382838059759977,-0.4344962274323156,-0.5160447282173739
-1.2899608997410539,0.07331796718840389,-1.6548566718657698,-1.295078772063616,0.8231705839619146
0.2553837556743171,-0.9254246260595873,-1.0138959522925377,-0.8953463223630241,0.08568716140335904
0.6197387847028688,0.5878558881377351,0.868772500590771,-1.911316891662504,-1.1863364271098544
-0.7355299425897666,-0.9039076414647897,-1.4137144969049802,1.2360931752104374,-0.11122606134870032
0.3116528560047783,0.38130961226478466,0.6188862980231536,-1.5189108250900678,1.638359732270941
0.5918141337413779,0.6728612359668197,0.4384757388097273,-0.3540407109410238,0.019616657693989903
-0.734591576798049,1.1647393544571714,-0.03564148229748357,-0.8102524370143808,-1.6151318159055095
0.9817654869915943,2.2524358053443088,1.0098170893426341,-0.32483138350862245,-0.6881503451777238
-0.025574312191994436,-0.5089636257074988,2.7596600389110777,-1.7690759048891183,0.39241596717876703
-0.0332299906444608,0.10855970577652314,0.36150352520610163,-0.2081168572725397,-1.1437262073206618
0.743264094022715,-1.348185422105713,0.3078017688920592,0.17086543812794186,-1.7101683926566253
0.19259691873130513,0.06936980265806943,1.6357978061358152,2.3921096352739926,-0.22104246353705057
0.6585442726728304,0.33445678998702516,-0.38770155993598404,2.0102045387663496,0.28586539072490513
0.7579218499236196,-0.7309562757154733,-0.5353350870162233,0.6855077387902041,0.3584536182096204
0.647195939702741,0.39922312260527926,-0.25737653742334515,-0.4831864622993739,-1.66858407387759
-0.4547947173776929,-1.890010171182943,-0.3726755839519746,-1.0398065310268843,-0.24269874782528175
0.8861911885847956,1.3510728924131392,-1.500221861446936,-0.06263957732723487,-0.7788370428204348
-0.5376457577798165,0.36016418394576694,-0.3004659487207037,0.655403829850237,-1.0056013756894657
0.7608466543114778,0.8875039674140593,0.6715311717290534,0.06008599461516361,1.5280313593878327
1.0584244868495878,0.6860514599984393,1.3686315575323487,-1.7587394864231143,-0.9649234605801045
0.22445181855997198,-1.46437488020982,1.5739867632900326,1.0470983026121545,-1.225765663002341
-0.6095122021592831,-0.30522470435466764,-1.3118362323501596,-0.186971302985446,-1.0651136630753726
-0.10322175293249623,0.3904648499288896,0.8508979621679722,0.26536234939962844,-0.13737178839939665
-1.2883076174635377,-1.276304416538336,0.8890371222798921,0.2927154821418534,0.5737444210044131
1.277676821898509,-1.5341141707356223,0.7116148780888896,0.33231401197959165,-1.124642091837869
0.9514492770580866,-0.062004009366031745,1.7041055162554912,-0.36650702036805183,1.2468917155347194
0.8657551941701215,0.5049872789804571,-0.7925207384327007,-1.2002964070557762,-0.11473644146689901
-2.650969808393012,1.5039929885826884,0.10643022769189683,1.0915068519224618,-0.2549772174208552
0.257550390722764,0.17457781283183896,0.4040508568145384,-0.0744459157661671,1.8861859012105302
-0.0350076100062359,-0.9899577925520139,-0.49693202511797824,-0.8110008636288447,-0.18256897437954112
0.5040465155178444,-0.9857260463355437,-0.06267909727317188,-0.5302576183724408,0.9551423205012383
0.45353430151397983,1.613711269058647,0.32135721545027307,-0.24415663529064877,0.42192075423528475
0.6592456684324051,-0.8170886310681906,0.21329370737293857,0.9375701376265584,0.0012054753622242368
0.39379729821625153,0.3687331473175197,0.8141517621182666,-1.92767257934561,0.48206672733538614
1.2897527540827458,0.38115838488277776,-1.7607627591558177,0.6731813512699585,0.7533416211045325
0.9826831427699412,1.229990368438683,0.5433908278718096,-1.4000707231830092,0.003147726906326633
1.355637858804951,0.8696059201056602,0.7569886166453519,0.41343490322370086,-0.9221653241776254
0.6577631761503737,0.26561699317253346,0.3794053976051097,-0.06953228624226938,0.690472686121513
0.23144592252557222,-0.3780078990182172,1.9412174364637491,0.6464895377257704,-0.8783230771797389
-0.9822940342546795,0.4535087125544674,-2.4883273534129895,0.05898422158959733,-0.6582484123338483
0.5914421517518549,-0.3240681752089702,0.7158727446909593,0.6802203604766911,0.2270344788648889
0.22155847362421105,-0.1134806458821414,-1.0986204251778122,1.2347519140447951,1.4205042872710631
0.41379909745149823,0.6337768809320985,-1.1875984190295128,-0.1852876588777083,0.3098207102270275
0.1488768039176911,0.53102609489421,-2.6248170563741122,1.1815677164191463,2.5490097087177226
-1.7476365098282616,1.7120402840178925,1.2208212988130478,0.43477006455689116,-0.8767737812118448
0.8232799156777053,-0.8130143722601298,0.32208231076698546,0.2257615231117544,-0.01109200394860206
0.6105857452838231,0.3801978510059632,0.17770100093325383,0.5597904479310398,-1.3353443587101013
-0.05020461704174478,-0.29967664800678706,0.03823799496002834,2.620793091029975,-1.4485914146335441
0.0917607765355023,-0.29900735046586785,0.8219025043752238,-1.9875689146008928,0.08704706823817134
-0.349439327216956,-1.3327773974796497,0.3883120054234496,-0.7725687487562409,1.2495049007061587
1.0237095461069814,2.012270445700765,0.38680852068920263,0.24930859564172886,1.090980425185967
-0.5397596803093615,0.34758170536167105,-0.18398333635267913,-0.7783047254023127,0.01843393306539316
0.0976703767483354,-0.856498237409199,-0.9938626748348534,-1.2644984069549656,0.4201915428949916
0.3842020720058965,0.6719446078144975,-1.2699985973938759,-0.9944285217997922,0.6688401305462182
0.13988723283912738,1.653617268492285,-0.7284616216803428,0.996118214911129,0.31952467078295543
-1.237815498826849,1.586016816145352,0.11351734525124799,2.1330333746562666,0.6621306745210463
0.7083038472010638,1.188913371474643,0.8004095252276825,0.3514482075415829,0.7542913298135745
-1.3650217954266353,0.0340080962281468,0.9578396311082676,0.7014947819247145,-0.7908817916945654
0.9235086160473687,0.7979945496122365,0.2412402484067293,-1.0506233218278012,0.0845051456928626
-0.7352010347632466,1.7987250183513115,-1.0955193888455623,1.6562082520572956,-0.88075408960273
1.3890243629627617,-0.22565638071225164,0.8139808601977412,0.6373246830230725,0.12861745040496653
-0.39963618561460235,1.7269638512334051,0.7223813578277714,0.22468472575188592,-0.372833152091767
0.26426827164563654,-0.11464083550639245,-0.2656045602861052,-0.15011695125380659,-0.39987823866837147
-0.5182702182736474,1.477894044741516,-0.21967188783751193,-0.8084936028931876,0.3571125715117464
0.38961417737090387,1.8709651753717822,-1.5859833122379583,-0.8682927318763665,-1.879924385139045
1.4765403497258958,-1.5763921569842494,0.8836599374866724,1.3800913541474515,0.6523228784134196
-1.913280244657798,0.24196227156603412,-0.46341769281246226,-1.7249178325130328,-0.46572975357025687
-0.04347694981386243,-0.22939074406802776,1.0473177066214483,-1.5311075025557226,1.1695899924277735
0.9983108981479604,1.5213160519224513,-0.3223204692113399,-0.4316203127180484,1.2171585208254965
-1.5256563145700948,-1.7608088119807759,0.9325908318730899,1.262584103427182,-1.4183657329330317
-0.09791524644290406,0.5222506360177785,0.46654531145012695,2.2724347204468818,1.3462257562027482
-1.405189846803575,-0.04889718347410554,-0.2788833941507565,-0.05240445057746945,0.8451579711843216
0.10248464215820753,-0.8443240371830714,-1.1327849512677453,-0.48282759080691834,0.3503702163863384
-0.014098965906671578,-0.8456731044941129,-0.15830547800966377,-0.0626482221218215,-0.18385389315920966
0.3227185603380895,-0.2886586389201379,-1.0025293646378088,-0.827230943552323,-0.018513135992389903
1.5945050632249722,-1.4400508825942944,0.015579047581467534,-0.8469613483183278,-1.0962750868952018
-1.4769249275319014,-1.0973683189710666,-1.3902219251534627,-0.7393714074590362,0.15776143929376948
-0.668144085538994,0.9192289345752035,0.11327041053776446,1.8732977762175456,-1.4382779783173667
0.28869362927985703,-0.2500465145989528,-0.6706202090766449,0.2603218387712207,1.3924653000643288
-0.045586016355497805,-0.6919080698812444,-1.0700847663261526,0.24333944932269183,-1.5255251709247388
-0.7153037092599682,-1.0777447779293061,1.0889505969673663,0.6795977489346758,0.06428001909546277
0.5705986685931593,-0.6626237589458467,-1.6694052811213718,-0.7632591565425169,0.543360192379935
0.7796605322693398,-0.30803428418574125,-1.1057046684859357,1.3103087461196088,-0.21492103028873533
0.2337859117907477,-0.7699732310586415,-1.2239402667622565,-1.5558956462036273,0.03408346825922606
0.9331280723410693,0.3326075103241977,-0.3150867311941086,-0.22272070077660705,-0.5717460419560616
-1.3554475031122892,-1.7938924978678903,-1.153332403205745,-0.7090209576304904,-1.6873443471107104
-1.3459796802467485,0.8712972974572442,0.5866938014752747,0.12637957954641182,-0.47490365662252443
-0.5618420993516988,-0.5294669635070083,0.5309756619640905,0.4793609534294221,-2.1782113197314303
0.4182057558879721,0.4258436586298291,-0.6073544332122114,-1.7760117540484022,-0.07722104522304557
-0.5975101946916416,-0.2515388860444957,0.4620608932518965,1.4223698616985077,0.7833905092825955
-0.7728776678236091,0.9475264621228578,-0.38851845308888583,0.4070522871245351,1.1241127199860135
-2.132595626154836,0.2810092502818063,-1.4359095238685273,1.0126374096440718,-1.315815816427507
-0.3596296724524622,-1.7858664919341112,-0.8484286341908146,0.3011073391917419,0.5731278132412001
-0.5615577463306254,0.22668424849459717,-1.7811584144656334,-0.5530898169141323,-2.230468019124459
-1.1430049127304835,0.6387302220291846,1.1055259329579838,1.633431532301096,1.1870303055603801
0.29219272832637316,-0.667779556468886,-0.9096834169818336,-0.1873290184063747,-0.9365063747895958
-0.42930222451725997,-0.03703679704841202,-1.3200225112207058,-0.692420979873856,-0.6117690909052854
1.564643655814006,-0.03582603910995153,0.36139560550841393,-2.6197451040897444,1.5380365664659692
2.270692857804396,0.6327818661062848,0.3384964074944141,0.18186625505849516,-0.4152879139008013
0.8113965544915921,0.8297324178791745,1.340461051790348,-1.1482632887526183,-1.2995812369275976
-0.09170602414512598,1.424495821246948,1.0354434164169448,-0.8877695115385407,-0.8360621521000249
-0.7353034606819523,-0.5244481362626519,1.78179890877106,0.7214793237573432,-1.6566232076777738
-0.5297602037670388,0.32875110965968446,-0.5017570435845365,0.5132674331133561,0.9154021177020741
-0.17435425790283585,-0.02355215087423812,0.5646059258936003,0.2253079220409414,-1.0196643386921156
-0.38817681854122876,-0.30246968648812833,-0.3370859711180397,0.1704162223754877,-0.6134026635409398
-2.0634031524794545,0.5032520647495048,-0.645572072035395,-0.3173504922425348,-1.6610834155671725
0.6153674840130534,0.738810480887503,0.5131057981760827,-0.9354387020445952,-0.2595466775839172
0.8128621188389601,0.30729952087660933,-0.6929095952606542,0.6296288419236122,0.8995998754332507
-0.1237326800997567,0.3700611152689556,0.2668183962954019,0.45780560992578506,-0.33912227927003896
-0.8353470532597573,0.27899416222380197,1.2477420726737338,2.1451491277733883,-0.6734906242438685
0.2243396567780826,1.0743180127155618,0.0516609768510798,0.9040175547613144,0.22907468820570262
-0.14214653694054596,0.5904220612514635,-1.257868155908888,0.3386873179216896,0.7313802525749924
0.23070090571868349,0.020886488295961788,-0.17585440443207115,-1.2601647651725802,1.661470165728018
-0.06259312789952241,0.10420110395187607,0.7589285897867651,-0.7539645888666763,0.2811914239693758
0.9843223984765838,-0.998354040738791,0.23421473253652023,-0.21398884422550896,1.5505004928140769
0.48937456122791806,-0.5245202662797737,0.7216720640432349,-1.2221278088919454,-1.129051771217229
0.7189533106650667,1.185704154662997,-1.0469109826819396,0.9960476858058164,0.5366527525272862
0.6549755842216898,-1.9685042134380537,0.5136144642310962,0.8107986455917099,0.03471374875256186
-0.15083771156669531,-0.46580556911816284,1.7554756983154902,-0.0739475656083926,1.5730197252148568
0.1718393397935313,0.8902475008365087,0.8545252270666157,0.553251219984784,-1.091933900395313
0.5054701591666267,0.4763577693562191,0.8071225966373103,1.0602099074988798,-0.9735461997044687
0.924027019206901,-1.2511135763853032,-0.3095464393139903,-0.18490213644298903,0.326133022242118
-1.6394841625254342,-0.22954865536034708,1.472670675750982,-0.39247110606087293,-0.6039806259692295
-1.0243876413342898,-3.2412673400690726,-0.926930471578083,-0.2525681513931603,-0.05952535606180008
-0.4532484090230134,-0.14778031881747153,-1.2207124259141586,1.4524675344707454,-0.5081401976473109
0.8377642215465891,0.386382653848061,-1.5449373466767586,-0.6792306531929551,-0.5393050144632704
-0.514782674914742,-0.09482423128087224,-2.6307301368290634,0.24353020418634463,0.38837572923016833
-0.8784738013420597,0.5008315910042115,0.16801534053252842,0.7424589135926202,0.9452115346114832
-2.4980610174929394,-1.0584406336416528,-0.6683451948468017,0.200459631413729,-0.0610756713523761
-0.24066517453021302,0.25719897035592737,0.5861658003927833,0.00788018469472816,-0.4124138182164804
-0.637739984251316,2.4553001399108942,0.4924512640081488,-0.5309969550018176,0.2891686439078181
0.1986800095474069,-0.9849931258170151,0.02263085267686914,-0.07906734186455633,-1.4055630538562867
-1.6167133749480143,-0.034550623953963515,1.6163000427219165,-0.22938233185546722,-1.3927354721669964
0.8614365256328049,1.105833066294713,-0.9626510119189764,0.2513166482381024,0.6927690318488607
-0.8798143535020543,0.5628808601743548,1.230874513154735,1.9870611116994412,1.6850142787085094
0.3411519748166435,-0.07710170941410412,-0.8895144296255233,0.27669079933001905,-0.8158102849654383
1.5284684264125317,0.26859227886325737,0.9278401280812372,0.5078357562896237,0.05701312489708459
-1.9511018640386248,1.2189707897936632,0.3099989831655548,0.1435879365051602,-0.05658848889989584
0.7510994545073101,-1.9754877712171375,-1.6891830379672617,-2.0650830462563206,-0.47126374070251964
-0.45709625658627184,1.66125921454787,-0.027514905050636255,-0.6022120603617805,1.772251596669744
-0.04015795064434341,1.8009404329108156,1.4401172154494728,-1.4307751021180481,-0.6763923020592697
-0.6537663386488198,-0.9057323008626189,-1.7730324682068814,-0.5956612940434921,1.2619215007139917
0.5002404694365699,-0.06100397185538362,-1.372465547884101,-0.5336003064391669,0.32297450361766855
-1.5705006036231774,0.9183166060023132,0.17989415115347845,-0.9896281365703375,1.3920022863445993
1.5781180575621845,0.21471318317052593,0.2522403964266774,0.9854496856152184,-0.11622904312195795
0.9695690257529068,0.7899197221808523,0.240205843946223,0.3268554006104374,1.2531328247682434
0.06167984984797165,-1.015821818978397,0.20056919723094285,0.42881650033057295,1.1486373494287152
0.05194588580729943,0.7276295436369798,-0.07160125941406395,0.7326400772155792,-0.03722223650984159
-2.0503574572842003,-1.9493717553224232,-1.2640061679473638,0.7391804947015679,0.4861847915619389
0.651391251305798,0.9540017634932023,0.570890510693167,-0.31526924464034556,1.135565640180599
-0.4430440211284823,0.6979032725390276,-0.8610879101735704,-0.47949296739924335,1.4033699701251907
0.7228268949855121,1.184256645196173,-0.037893081716830875,0.11179915820338826,2.3883719928704386
-0.061764199860128925,-0.24149744587077906,-0.28487549336967083,0.4794415180860639,-0.2561797524953804
-0.016610342325908987,-2.837506441397379,-0.30964971398806085,-0.10581875749769788,1.146027575013415
-0.4586386361010845,-0.5893322314273619,0.39542098538803827,0.8567024802425557,-0.9575689550152122
0.47347189903522846,-1.0211624575603007,0.4430021304473752,-0.26764109089879357,0.9515497705740432
-1.5031429531181062,-0.2595913513636048,-0.3357846992901282,-0.24574306408594407,1.669021525289393
-0.0681234251679531,-0.9665878909853152,-0.10128071870153288,0.3639706308527381,-0.5984375805810469
-0.016422896072752075,0.2237879516388985,1.7945578635177877,1.188393273448084,-0.5176112990361714
0.8913036868697555,0.3379575282321183,-0.3882430535215386,0.004229858994151577,-0.05592044852221312
-1.2829922241885696,0.07682189106025536,-0.04692057887918407,0.99626681944714,0.47704082722312147
-1.2932729578711637,0.7197579421481819,1.804348109786743,-0.9564363768180087,-0.19090379172729868
0.08840688629184734,0.9553052085705108,-0.4532280493272752,1.4775300810552616,0.6963874474567154
0.058208718445999896,0.1537251059455279,0.3853173797288368,-1.142970297830623,-0.883857436201133
0.40171172209894146,-0.1087601484568576,0.5193465142411723,0.6901439917111125,1.5327389130025777
2.01527511046064,-1.8896492920961532,0.3631156277445234,1.2906444609225471,0.31110999114319526
-0.294455757588034,1.119244917564096,-0.2357112448566685,1.452755545126183,-0.9394632419859826
-1.2926253471522626,0.2078025073533134,-0.14702542343084998,-0.5321685631271895,0.8407344821295493
-0.3135296861723979,0.3674816654743044,0.17521141890851205,0.9218015019772522,2.98525900260341
-0.7469232850701676,0.0861108682589779,-0.06040372919690829,0.990166238959289,1.1277802506338985
0.6452155859500572,0.5211224283793385,-0.05489400061628639,0.5556044660034485,0.28555407485765694
-0.661786464768388,0.18645431476942764,0.6339190223180112,0.852433334796224,-2.025142586657607
0.3361449630262288,1.0071333364731596,1.1464408704007276,-0.22747625995340778,-0.9733788380270346
-0.221253623585772,-1.1032083657216831,-1.9663565893760018,-0.27681329988892067,2.056207129940322
-0.44429326007611136,-0.9787637157823074,-0.5100163988547471,0.37730049304485197,-0.26987493529337125
-1.8206033005485172,-0.5703513664136806,-0.25885440036983165,0.2700573583914221,0.35250496835687956
0.007063158628176452,0.04977368718096008,0.5752050161065663,-0.6603211394734471,0.5006657213812097
-1.1115802495135512,1.466540859278603,0.3131321400131553,-0.035825578706462934,0.6870657958589163
0.5697672802322037,0.4567532191537839,1.1172958315881278,0.4477085600173148,0.34272534637770413
-0.36361221221385587,0.1503017614618776,1.103301882016522,-0.056945623721067457,0.11422764866203965
-0.32034730819432017,-0.48388583405432156,0.1979107834626478,0.4241659464019164,-0.6514180036144483
0.9567023167945841,0.7081086766885905,0.13354090478228192,-0.7859894605079495,-0.15246983638054348
-0.803948414727481,0.6594512411136115,0.7564883543160984,0.30734561670797006,-1.9140600705874673
-0.006521315229458062,-0.20149153394751798,0.6515219913395057,0.5987943895619102,-1.1376856704248166
1.1618783026081902,0.07005216311318137,-0.1044492185374715,-0.9273531341905741,-0.16882172319001063
0.5059655534558652,-0.9645377949101914,-1.0240285908863795,-0.7282722024066131,-0.27981034237700614
-0.7991920066502536,-0.6459641791245353,-0.18289644110484016,-0.4827435221820324,1.3748764191481848
-1.7485319732381808,0.793488720552213,-0.1343087414705478,1.3043402428781525,0.8108082731597821
-0.047711356141979855,-0.966976143129213,0.7858001586508322,-0.003602539090568403,0.42545756178496474
-0.13944627568099954,1.2038844371688162,-0.31607285602704976,-0.4501892648514116,0.6157711497711416
-0.46770120131189136,1.1608267873785192,-1.1196698946261439,0.3465038817307158,-1.2946814757209055
-1.1958830620351844,0.3946715298229811,0.5885784044206096,0.4446026682201407,1.6699045043514062
1.41418728833109,0.5873916998060122,1.6637328321434735,0.4473939370689756,0.30524312653135294
-0.3164084496948019,-1.092312764672579,1.091310120594269,1.2130976999791834,0.609138120907177
1.0235306441853447,0.1566937282465246,1.6957228778108653,0.17528677893392386,1.8972886947731116
1.6654744444625766,0.9826909839455139,0.472597482413043,1.0143700650181304,0.25602973431387566
-2.0755880090785332,-1.2284438312657626,0.47154238041820573,-0.08606969279089306,-1.8311448783383502
0.055724912288694604,-0.12578692009964815,-0.5112156764311853,1.0941915184709485,-0.9896048202585809
-0.03850846950070721,1.0786808334312956,1.6839276914578687,-0.17262729994081963,-0.45888426286894
0.21397991073422196,-0.6997255079925854,1.9647251329163893,-0.11232804969082963,0.03526355197172861
-0.7557451594928447,-0.17495975669540864,-0.6680904536430488,0.5365098435704035,0.9920423495365228
1.2795186697601588,0.4243939378610126,0.47543068252662346,-2.2168188393540644,-0.7955570679408823
-1.042044412243103,-1.2032008553891445,0.8745170741325226,-0.48720292119492714,-0.6497652268482671
-1.7863754653546866,-1.6380290574360168,0.9955815140020298,-0.6220348055543814,1.7031726099180378
0.3672873134013406,0.8080577982811451,1.085982116175032,1.8381836767951223,-0.535963445114048
0.7660802783846903,0.30179189981946597,0.46877425607502377,1.2269332238843076,-0.9983854391882915
0.544220352340347,1.2949855848169558,0.3231854824582059,0.8458028725629282,1.2838168598535613
1.4521176991825604,-1.2291835978004162,-0.5706404302001128,0.014149264965758293,0.8524686434329506
-0.6078752606758179,-0.8372624310497003,-1.097302527632844,-0.5391227031489786,-0.5888668267386961
0.47263034584340563,0.018016872044446585,-0.863493604964934,-1.3668583632808264,-0.031203488939083975
-1.3944950688592617,0.7565646749131401,0.5140625524247758,1.0538915522958832,-0.4611697320346189
-0.3011036955892888,-0.11564828238824053,0.7384665799954104,-1.4785219903674274,0.1713682811899705
0.1846338585323042,-1.6074832345612275,0.22745993460412942,0.2598827942484235,1.307142754282428
0.3824097461840506,-1.1227220215622986,-0.049463709652432936,0.16645220821305598,0.6748194921666035
-0.1891203907770335,-1.3303136257389898,0.10435593752321293,0.9216501119244593,-0.8987840483231282
1.987275999230808,-1.3683150388328105,-1.9122549754197768,0.9113627221747217,-0.06863404608546861
-0.966246319753254,-0.484173951248737,-1.5428032182428997,-0.17537845589869083,-0.16063111952549436
-1.5811907020321334,0.5087250232299338,-1.5841359430054898,0.8950383140761154,0.2671266510114834
-0.36283856043965906,2.2988981236192503,-0.5172884501003722,-0.4455025214007718,1.40934744018558
-1.2457173764463845,0.9184544439424138,-0.2950899142379063,0.054934110999848726,0.975816719344709
-0.8256536828021421,0.44477380783159476,0.40805284683675586,0.1493634822711889,0.5507975722736633
-1.5642416117110514,1.9764405845154855,0.10589445311523427,1.617212574968624,0.5844129804724844
-1.830632896856457,-0.6540756831274238,-2.703232292999237,0.5112025995249807,0.6778753195309076
0.356972759266926,0.4096361186839935,-0.6083507646793376,0.08127842205619876,0.5925303073177614
0.4824724152431853,-1.0708924980611123,0.6256673477650062,-0.22346278532585084,-0.8571575564162826
-0.38502181171286365,1.3883377782084478,-0.4997301761516306,0.38298898474092846,-0.5262478565174211
-0.7309300399419191,-1.3793192280145272,-0.1769472274940494,-0.033126972873797095,-0.7982972445384537
0.4004813865063287,0.17775010626803134,1.9532591375265682,0.13106518621584873,-0.5258796758952039
1.4437646040732597,-1.2515394241904443,-0.24123605785632987,-0.08215117839256883,0.3520553965142968
1.5210062271593798,0.466670981966081,1.205994516546816,-0.9489165208248372,0.7774073527645112
-0.9186865114860944,0.5555126463422483,0.47363207681145447,-0.4173668136050844,-0.9263811299815384
-0.4694743859349521,0.7674347291529088,-0.23413695694918055,0.5425600435859647,1.5792128155073915
1.0324652605511468,2.1221561970126332,-1.2608839543350452,-1.5193699659540134,0.9178619470547761
1.2235688824186275,-0.053120653017545344,0.3721054726068629,1.0964692338108837,0.3891591956679287
-1.86653661707306,-0.7168223206028049,-1.141689114133505,-0.08268068584269925,-0.19365945927971812
-0.04902934083803654,-0.81240234893742,1.5944423917491968,-0.16036008104483013,0.678946987762233
0.5219415656168976,-1.3204566130842763,0.78182287177731,0.29698467323318606,-1.236950710878082
0.3230792731160291,1.6246784584695606,-0.9533286082587124,-0.2523535021262876,0.12267031599479553
1.4288577078135674,0.17847666388538974,-0.18150316213566714,-1.4741321320421057,-2.1770650464428547
-0.5606076368473096,-0.12765468151819004,-0.4776455826040052,-2.929448690002268,-1.2551353719733949
-0.6500239344068982,-1.496529255090079,-1.8461878622380938,-0.08343796979036086,-0.92951086019241
-1.0040545968420098,0.3498000245679074,0.18383451632250436,-0.09546424708907304,2.6930336639804966
1.1168337755299542,-0.23950192202174977,-0.6113852473886279,0.18641616974404632,-0.09294420661358828
-0.9245641143780997,0.664927162301741,-0.5152183938082429,-1.597599169595432,1.5301951988633513
0.6663125009092119,-1.148794035158656,-1.0858251288851855,0.4625912928539512,0.6793732829565033
2.271449745422796,1.4891131083282896,-1.385987942398998,-0.40439742318396127,0.5055892418358746
-1.1533505105959596,-0.9455068799427312,-1.0753123930492379,1.1373145423647297,1.676393027208203
-0.9224101844985025,-0.3917581490438219,-0.23893209916969452,1.6153756894694418,-0.36682441181468783
0.6934789119139937,-0.8627757640431206,1.0971527117536957,-0.3920126399191296,-0.47883745600840416
1.4926885689595217,-0.8031789506803448,0.3673655068161781,-0.2711236010425688,0.9135846262332494
-1.479444223139724,2.303638752104789,1.0683793336940164,1.259233239786799,0.604120889588518
1.057368305378225,1.218194711754256,0.5333592447054494,0.8721970000729778,0.8394685045184047
-0.18315047105329468,-0.048088507330772585,1.935154040060229,-0.35667313417987123,0.8155010224442626
-1.7025836042378404,0.40825275571447184,0.19584525509768155,1.0291556373256436,-0.978372777615032
1.5007597906343109,-0.4281151609659125,-0.4937565831613125,0.8502217421134929,-1.556581898659751
1.7611881248673737,0.3616610612470166,1.0613709648731335,-0.0003136726117747121,0.5320061988219431
1.3728484746765302,-0.18039168176240783,-0.19003903500149447,-2.211861911329507,-0.3574454228104272
-0.9730689408815555,0.11958036841415326,-0.015309849172995557,1.1965715016644913,0.5792914996010884
0.1263141994832002,1.2725701629285695,-0.19819567637971988,-0.46913085421040895,0.5101574689151834
1.1797252083607102,-0.23052462518025083,-0.513196364513396,0.1941076309533577,-0.7179188907476018
0.8474216771504216,-2.172669546014036,1.1070806692869728,-0.5353281859539227,-0.12038116395359824
-0.12951724686344077,0.5835443030118876,1.279464931657751,0.5798572852951321,1.0417246640588513
2.0236062192296393,0.18474057889572446,2.0895387216947734,0.006799844559997769,-1.6076610271180587
0.4576865860535519,-0.6068651778571752,-2.238231233324972,-2.7475048427252347,-2.120700152635066
-0.2628908292082677,-0.01926037973439464,2.412615421612916,0.02246589281204638,0.7846042878980238
-0.742484232538384,1.341475915530881,0.0036956718478473255,-0.4853058353678683,1.0114630354083562
-0.6891878180895679,2.0752608726252655,1.3173940656343257,1.7359638031652493,0.19759960469239965
-1.123494033239598,3.152056734512085,1.3625628527124518,0.24288201315027502,1.6406145634882872
-0.2716551103260533,-0.5466800845872654,-0.7217375533372533,1.673452090298537,0.17682087213939798
0.15946250680412918,-1.2172826922204794,-1.388542553831211,-0.8927875154918841,-1.60027110450371
1.6122782579886454,0.9528745472029384,1.3736585451629577,1.3149144535840473,-0.13744851462769184
